Education Department Budget by Major Program,Presidents Budget 2012,Appropriation 2012,Presidents Budget 2013,Appropriation 2013,Presidents Budget 2014,Appropriation 2014,Presidents Budget 2015,Appropriation 2015,Presidents Budget 2016,Appropriation 2016,Presidents Budget 2017,Appropriation 2017,Presidents Budget 2018,Appropriation 2018,Presidents Budget 2019,Appropriation 2019
ESEA Title I Grants to Local Educational Agencies,"14,792,401","14,516,457","14,516,457","13,760,219","14,516,457","14,384,802","14,384,802","14,409,802","15,409,802","14,909,802","15,359,802","15,386,180","15,881,458","15,759,802","15,459,802","15,859,802"
Reading First,0,0,0,0,0,0,0,0,0,0,0,0,0,0,0,0
Striving Readers,0,"159,698",0,"151,378",0,"158,000",0,"160,000","160,000","190,000","190,000","190,000",0,"190,000",0,"190,000"
High School Intervention,0,0,0,0,0,0,0,0,0,0,0,0,0,0,0,0
Impact Aid,"1,276,183","1,291,186","1,224,239","1,223,649","1,224,239","1,288,603","1,221,790","1,288,603","1,288,603","1,305,603","1,305,603","1,328,603","1,236,435","1,414,112","1,259,790","1,446,112"
Improving Teacher Quality State Grants,0,"2,466,567",0,"2,337,830",0,"2,349,830","2,000,000","2,349,830","2,349,830","2,349,830","2,250,000","2,044,411",0,"2,055,830",0,"2,055,830"
Mathematics and Science Partnerships,0,"149,716",0,"141,902","414,716","149,717","319,717","152,717","202,717","152,717",0,0,0,0,0,0
Educational Technology State Grants,0,0,0,0,0,0,0,0,0,0,0,0,0,0,0,0
21st Century Community Learning Centers,"1,266,166","1,151,673","1,151,673","1,091,564","1,251,673","1,149,370","1,149,370","1,151,673","1,151,673","1,166,673","1,000,000","1,191,673",0,"1,211,673",0,"1,221,673"
State Assessments,"420,000","389,214","389,214","368,900","389,214","378,000","378,000","378,000","403,000","378,000","403,000","369,100","377,281","378,000","369,100","378,000"
Indian Education,"127,282","130,779","130,779","123,939","130,779","123,939","123,939","123,939","173,939","123,939","174,939","164,939","143,665","180,239","164,939","180,239"
Teacher Incentive Fund,0,"299,433",0,"283,771",0,"288,771",0,"230,000","350,000","230,000","250,000","200,000","199,563","200,000",0,"200,000"
Choice Incentive Fund,0,0,0,0,0,0,0,0,0,0,0,0,0,0,0,0
Safe and Drug-Free Schools and Communities State Grants,0,0,0,0,0,"90,000","214,000","70,000","90,000","75,000","90,000","68,000","74,857","90,000","43,000","95,000"
English Language Acquisition,"750,000","732,144","732,144","693,848","732,144","723,400","723,400","737,400","773,400","737,400","800,400","737,400","735,998","737,400","737,400","737,400"
Special Education,"12,861,351","12,638,713","12,657,307","11,980,472","12,657,307","12,497,300","12,600,627","12,522,358","12,822,358","12,976,858","13,066,858","13,001,315","12,942,126","13,366,184","13,051,776","13,468,728"
Career and technical education,"1,007,860","1,130,859","1,130,859","1,071,866","1,140,859","1,125,019","1,125,019","1,125,019","1,327,019","1,125,019","1,202,019","1,119,647","976,906","1,200,019","1,137,598","1,270,019"
Other,"8,171,378","2,304,954","1,827,229","2,129,997","2,114,357","2,508,226","10,070,586","2,416,605","6,224,220","2,444,438","7,022,902","2,057,051","1,854,513","2,884,962","2,520,749","3,016,762"
"Total, Elementary and Secondary","40,672,621","37,361,393","33,759,901","35,359,335","34,571,745","37,214,977","44,311,250","37,115,946","42,726,561","38,165,279","43,115,523","37,858,319","34,422,802","39,668,221","34,744,154","40,119,565"
Discretionary,"40,632,621","37,361,393","33,759,901","35,359,335","34,571,745","37,214,977","38,011,268","37,115,946","40,426,579","38,165,279","38,885,541","37,858,319","34,422,802","39,668,221","34,744,154","40,119,565"
Mandatory,"40,000",0,0,0,0,0,"6,299,982",0,"2,299,982",0,"4,229,982",0,0,0,0,0
Postsecondary:,,,,,,,,,,,,,,,,
Federal Pell Grants,"41,156,059","41,401,184","36,118,000","35,697,352","29,868,000","28,881,352","29,175,352","27,628,285","28,935,748","28,279,793","30,104,352","30,426,028","29,487,626","29,784,352","29,961,352","29,922,352"
Federal Supplemental Educational Opportunity Grants,"757,465","734,599","734,599","696,175","734,599","733,130","733,130","733,130","733,130","733,130","733,130","733,130",0,"840,000",0,"840,000"
Federal Work-Study,"980,492","976,682","1,126,682","925,595","1,126,682","974,728","974,728","989,728","989,728","989,728","989,728","989,728","500,000","1,130,000","500,000","1,130,000"
Federal Perkins Loans,0,0,0,0,0,0,0,0,0,0,0,0,0,0,0,0
Federal Direct Student Loan Program,0,0,0,"3,273,880","-251,958","16,254,117","7,243,186","23,660,742",0,"9,878,116",0,"37,028,295",0,"13,619,843","5,624,786","7,647,647"
Federal Family Education Loans,"283,031","-361,794",0,"3,098,746",0,"2,269,320",0,"1,362,692",0,"1,446,784",0,"11,155,845",0,"2,545,960",0,0
Aid for Institutional Development,"651,268","597,599","597,599","566,560","597,599","577,354","577,842","573,447","584,762","579,662","579,662","587,162","492,193","670,979","352,722","677,689"
Federal TRIO Programs,"920,089","839,932","839,932","795,998","839,932","838,252","838,252","839,752","859,752","900,000","900,000","950,000","808,289","1,010,000","950,000","1,060,000"
Scholarships and Fellowships,"40,717","30,909","30,909","29,293","30,909","29,293","29,293","29,293","29,293","29,293","29,293","28,047","5,775","23,047",0,"23,047"
Howard University,"234,977","234,064","234,064","221,821","234,064","221,821","221,821","221,821","221,821","221,821","221,821","221,821","221,399","232,518","221,821","236,518"
General Fund Receipts,,,,,,,,"-12,550,539","-11,168,148","-10,657,563","-7,053,610","-12,521,482","-8,527,519","-27,603,230","-14,190,586","-8,781,501"
Other,"-23,304,441","-48,618,782","-32,520,412","-47,866,425","-28,543,079","-39,452,602","-8,949,129","647,320","2,724,297","160,135","-8,443,851","777,812","226,566","837,875","317,158","692,157"
"Total, Postsecondary","21,719,657","-4,165,607","7,161,373","-2,561,005","4,636,748","11,326,765","30,844,475","44,151,090","23,910,383","32,034,744","29,088,911","70,656,050","23,358,600","23,441,344","23,737,253","33,797,909"
Discretionary,"34,258,369","26,788,749","26,785,761","26,388,979","27,054,719","26,653,304","26,787,976","26,364,735","26,511,962","26,423,135","26,630,187","26,692,624","24,765,480","27,305,340","24,703,958","27,385,145"
Mandatory,"-12,538,712","-30,954,356","-19,624,388","-28,949,984","-22,417,971","-15,326,539","4,056,499","17,786,355","-2,601,579","5,611,609","2,458,724","43,963,426","-1,406,880","-3,863,996","-966,705","6,412,764"
Other:,,,,,,,,,,,,,,,,
Rehabilitation Services and Disability Research,"3,541,111","3,511,281","3,517,710","3,435,385","3,655,577","3,442,749","3,683,335","3,466,393","3,532,109","3,298,965","3,541,389","3,301,089","3,563,008","3,359,237","3,634,977","3,438,826"
Adult Education,"658,346","606,295","606,295","574,667","609,295","577,667","597,667","582,667","588,667","595,667","606,667","595,667","499,535","630,667","499,561","655,667"
Education Research and Statistics,0,0,0,0,0,0,0,0,0,0,0,0,0,0,0,0
"Research, Development, Dissemination and Regional Laboratories","330,063","247,213","259,699","234,283","259,699","234,283","244,696","234,283","256,696","249,423","263,696","241,923","248,949","248,118","187,500","248,118"
Statistics,"117,021","108,748","114,748","103,060","122,748","103,060","122,748","103,060","124,744","112,000","125,360","109,500","111,787","109,500","112,500","109,500"
Assessment,"143,844","138,306","132,306","131,071","132,306","140,235","132,321","137,235","157,443","157,235","156,745","156,745","156,936","156,745","156,745","158,745"
Research and Innovation in Special Education,"58,085","49,905","49,905","47,295","59,905","54,000","54,000","54,000","54,000","54,000","54,000","54,000","53,897","56,000","54,000","56,000"
Program Administration/Administration of Credit Programs,"479,038","1,770,411","1,957,548","1,777,557","1,968,949","1,815,808","1,888,924","1,807,924","2,055,943","1,983,854","2,106,817","2,008,854","2,135,711","2,108,943","2,231,257","2,108,943"
Office for Civil Rights,"107,772","102,624","105,318","98,356","107,500","98,356","102,000","100,000","130,691","107,000","137,708","108,500","106,797","117,000","107,438","125,000"
Office of the Inspector General,"67,187","59,820","62,401","57,791","62,347","57,791","59,181","57,791","59,256","59,256","61,941","59,256","61,143","61,143","63,418","61,143"
Other,"128,646","50,665","64,492","47,416","96,415","255,104","293,162","257,579","240,799","262,079","216,772","216,772","216,310","271,530","227,540","285,391"
"Total, Other","5,631,113","6,645,268","6,870,422","6,506,881","7,074,741","6,724,630","7,123,611","6,746,509","7,200,348","6,879,479","7,271,095","6,852,306","7,154,073","7,118,883","7,274,936","7,247,333"
Discretionary,"2,509,401","3,522,383","3,639,450","3,440,176","3,772,688","3,433,434","3,788,537","3,654,895","3,808,578","3,718,349","3,872,541","3,688,252","3,701,142","3,893,845","3,752,946","3,943,706"
Mandatory,"3,121,712","3,122,885","3,230,972","3,066,705","3,302,053","3,291,196","3,335,074","3,091,614","3,391,770","3,161,130","3,398,554","3,164,054","3,452,931","3,225,038","3,521,990","3,303,627"
"Total, Department of Education","68,023,391","40,550,403","54,096,961","39,851,541","53,827,787","55,266,372","82,279,336","88,013,545","73,837,292","77,079,502","79,475,529","115,366,675","64,935,475","70,228,448","65,756,343","81,164,807"
"Total, Discretionary","77,400,391","68,112,288","68,833,098","65,704,706","71,209,062","67,301,715","68,587,781","67,135,576","70,747,119","68,306,763","69,388,269","68,239,195","62,889,424","70,867,406","63,201,058","71,448,416"
"Total, Mandatory","-9,377,000","-27,561,885","-14,736,137","-25,853,165","-17,381,275","-12,035,343","13,691,546","20,877,969","3,090,173","8,772,739","10,087,260","47,127,480","2,046,051","-638,958","2,555,285","9,716,391"